{
  "users": [
    {
      "id": "1",
      "email": "user@example.com",
      "password": "123",
      "name": "John Doe"
    }
  ],
  "categories": [
    {
      "id": "1",
      "categoryName": "Electronics",
      "categoryImage": "https://encrypted-tbn0.gstatic.com/images?q=tbn:ANd9GcTbT0zU9bwv5ZrlB7Q9HrVOqDMHjaD9W1j0Tw&s"
    },
    {
      "id": "2",
      "categoryName": "Fashion",
      "categoryImage": "https://img.freepik.com/free-photo/shop-clothing-clothes-shop-hanger-modern-shop-boutique_1150-8886.jpg?t=st=1742154324~exp=1742157924~hmac=db8fac4d4dff266976a9e2768ea1ad19e2dd256431775949e49100fdf88f185c&w=2000"
    },
    {
      "id": "3",
      "categoryName": "Home & Garden",
      "categoryImage": "https://img.freepik.com/free-photo/plants-pot-with-watering-can_23-2148905231.jpg?t=st=1742154356~exp=1742157956~hmac=5c2a379c3d65d72b369fd6c2e2793ac23db14d647ba70c7565643c2235358521&w=2000"
    },
    {
      "id": "4",
      "categoryName": "Sports",
      "categoryImage": "https://img.freepik.com/free-photo/sports-tools_53876-138077.jpg?t=st=1742154376~exp=1742157976~hmac=fdf8489363383f9a0e328572aedd101db6b63c301d89548206f32c9fa5fbbbf2&w=2000"
    },
    {
      "id": "5",
      "categoryName": "Toys",
      "categoryImage": "https://img.freepik.com/free-vector/hand-drawn-christmas-toys-background_23-2148361037.jpg?t=st=1742154427~exp=1742158027~hmac=057b40ff0136508b3e9d6ce76b0d6fb6fa65160c0bcf7d2d15671192a9dbc8a5&w=2000"
    },
    {
      "id": "6",
      "categoryName": "Collectibles",
      "categoryImage": "https://img.freepik.com/free-photo/asian-market-bamboo-wicker-baskets_1147-350.jpg?t=st=1742154455~exp=1742158055~hmac=aa9ae5436de283de2b46e856863f50f255009eb680377ff2558304b28b3fcd54&w=1800"
    }
  ],
  "products": [
    {
      "id": "1",
      "name": "iPhone 13 Pro Max 256GB",
      "description": "Brand new iPhone 13 Pro Max with 256GB storage. Comes with 1-year warranty.",
      "price": "99978",
      "image": "https://img.freepik.com/free-photo/still-life-tech-device_23-2150722663.jpg?t=st=1742155035~exp=1742158635~hmac=110cb1be279240eea94af3b1590c5c8fe4b8115116acd2a67c54b602eb2e965a&w=826",
      "categoryId": 1,
      "condition": "New",
      "shipping": 0,
      "quantity": 10,
      "seller": "TechStore",
      "sellerRating": 98,
      "location": "New York, USA",
      "rating": 4,
      "reviews": 120
    },
    {
      "id": "2",
      "name": "Samsung Galaxy S21 Ultra",
      "description": "Samsung Galaxy S21 Ultra with 512GB storage. Phantom Black color.",
      "price": 899.99,
      "image": "https://img.freepik.com/free-vector/realistic-smartphone-device_52683-29765.jpg?t=st=1742155066~exp=1742158666~hmac=a5697b9b542c309f1e23a2259616bd1a8d4e0aeeb2864cea7f8f6743c22a9d82&w=1380",
      "categoryId": 1,
      "condition": "New",
      "shipping": 0,
      "quantity": 5,
      "seller": "MobileWorld",
      "sellerRating": 97,
      "location": "Los Angeles, USA",
      "rating": 5,
      "reviews": 85
    },
    {
      "id": "3",
      "name": "Nike Air Jordan 1 Retro High",
      "description": "Original Nike Air Jordan 1 Retro High OG. Size US 10.",
      "price": 299.99,
      "image": "https://img.freepik.com/free-photo/fashion-shoes-sneakers_1203-7528.jpg?t=st=1742155060~exp=1742158660~hmac=d452e374c2b3d10d81a7676fbf26ce59460c0322302debe5fdac81861b9b1016&w=2000",
      "categoryId": 2,
      "condition": "New",
      "shipping": 12.99,
      "quantity": 3,
      "seller": "SneakerHeads",
      "sellerRating": 99,
      "location": "Chicago, USA",
      "rating": 5,
      "reviews": 210
    },
    {
      "id": "4",
      "name": "Sony PlayStation 5",
      "description": "Sony PlayStation 5 Digital Edition. Brand new in box.",
      "price": 499.99,
      "image": "https://img.freepik.com/free-photo/view-electronic-product-balancing-podium_23-2150141331.jpg?t=st=1742155123~exp=1742158723~hmac=38471480119c03332ba5794008a8a26b6df12d3a5ec8ce8dbccd81cc08946de6&w=826",
      "categoryId": 1,
      "condition": "New",
      "shipping": 0,
      "quantity": 2,
      "seller": "GameStop",
      "sellerRating": 95,
      "location": "Miami, USA",
      "rating": 4,
      "reviews": 67
    },
    {
      "id": "5",
      "name": "Vintage Baseball Card Collection",
      "description": "Rare collection of vintage baseball cards from the 1980s.",
      "price": 1299.99,
      "image": "https://img.freepik.com/free-vector/advertising-poster-design-with-illustration-baseball-ball-clubs_1284-46460.jpg?t=st=1742155194~exp=1742158794~hmac=72c5936f9d658d2f36c14c40033e65b8790d2d77cc598178e6122c50374ccce4&w=900",
      "categoryId": 6,
      "condition": "Used - Like New",
      "shipping": 24.99,
      "quantity": 1,
      "seller": "CollectiblesExpert",
      "sellerRating": 100,
      "location": "Boston, USA",
      "rating": 5,
      "reviews": 42
    },
    {
      "id": "6",
      "name": "LEGO Star Wars Millennium Falcon",
      "description": "LEGO Star Wars Millennium Falcon Ultimate Collector's Series. 7541 pieces.",
      "price": 799.99,
      "image": "https://encrypted-tbn0.gstatic.com/images?q=tbn:ANd9GcQEqFeBd_O_MuGOrJWBBL55xejCQ1a6Xqo9PQ&s",
      "categoryId": 5,
      "condition": "New",
      "shipping": 0,
      "quantity": 3,
      "seller": "BrickMaster",
      "sellerRating": 98,
      "location": "Seattle, USA",
      "rating": 5,
      "reviews": 89
    },
    {
      "id": "7",
      "name": "Giày Adidas Samba x Real Madrid CF ‘White’ HQ7032",
      "description": "Original Giày Adidas Samba x Real Madrid CF ‘White’ HQ7032. Size US 10.",
      "price": 399.99,
      "image": "https://authentic-shoes.com/wp-content/uploads/2023/05/adidas-Samba-Team-Real-Madrid-768x328.png",
      "categoryId": 2,
      "condition": "New",
      "shipping": 15.99,
      "quantity": 3,
      "seller": "SneakerHead",
      "sellerRating": 99,
      "location": "Chicago, USA",
      "rating": 5,
      "reviews": 210
    },
    {
      "id": "8",
      "name": "Giày Adidas Yeezy 500 Utility ‘Black’ F36640",
      "description": "Original Giày Adidas Yeezy 500 Utility ‘Black’ F36640. Size US 13.",
      "price": 597.99,
      "image": "https://authentic-shoes.com/wp-content/uploads/2023/04/f36640_e05b3e7ec2534c70ba39da3bcc6fc5d4-768x407.jpeg",
      "categoryId": 2,
      "condition": "Used - Like New",
      "shipping": 10.99,
      "quantity": 3,
      "seller": "SneakerHead",
      "sellerRating": 99,
      "location": "Chicago, USA",
      "rating": 5,
      "reviews": 210
    },
    {
      "id": "9",
      "name": "Premium Collection – English Language (7 Foil Cards, 1 Oversize Card & 11 Booster Packs)",
      "description": " 11 Pokémon TCG booster packs, each containing 10 game cards and either 1 Basic Energy or 1 VSTAR marker, as well as a code card for Pokémon TCG Live.",
      "price": 3399.99,
      "image": "https://www.rarewaves.com/cdn/shop/files/orig_11995295_7987820_561x740.jpg?v=1712592755",
      "categoryId": 6,
      "condition": "New",
      "shipping": 14.99,
      "quantity": 1,
      "seller": "CollectiblesExpert",
      "sellerRating": 100,
      "location": "Boston, USA",
      "rating": 5,
      "reviews": 42
    },
    {
      "id": "10",
      "name": "THE TARZAN VAULT COLLECTION [FILM DETECTIVE SPECIAL EDITION] NEW DVD",
      "description": "THE TARZAN VAULT COLLECTION [FILM DETECTIVE SPECIAL EDITION].",
      "price": 7939.99,
      "image": "https://i.ebayimg.com/images/g/gVQAAOSwKiBiqH7E/s-l960.webp",
      "categoryId": 6,
      "condition": "New",
      "shipping": 34.99,
      "quantity": 1,
      "seller": "CollectiblesExpert",
      "sellerRating": 100,
      "location": "Boston, USA",
      "rating": 5,
      "reviews": 42
    },
    {
      "id": "11",
      "name": "Hot Wheels Ultimate Garage",
      "description": "A multi-level Hot Wheels garage with space for 90+ cars, includes racing tracks and challenges.",
      "price": 129.99,
      "image": "https://product.hstatic.net/200000504579/product/887961813425.1_d462ba79841640afa42ac466d6259134_master.jpg",
      "categoryId": 5,
      "condition": "New",
      "shipping": 0,
      "quantity": 15,
      "seller": "ToyWorld",
      "sellerRating": 96,
      "location": "Los Angeles, USA",
      "rating": 4.7,
      "reviews": 75
    },
    {
      "id": "12",
      "name": "NERF Ultra One Motorized Blaster",
      "description": "NERF Ultra One Blaster with high-capacity 25-dart drum and improved shooting accuracy.",
      "price": 59.99,
      "image": "https://product.hstatic.net/200000504579/product/630509946785_c33790e9bf754a76b8fc5f3cbaccb5ae_master.jpg",
      "categoryId": 5,
      "condition": "New",
      "shipping": 0,
      "quantity": 20,
      "seller": "BlasterKing",
      "sellerRating": 94,
      "location": "Chicago, USA",
      "rating": 4.6,
      "reviews": 120
    },
    {
      "id": "13",
      "name": "Dyson V15 Detect Cordless Vacuum",
      "description": "Powerful Dyson V15 vacuum cleaner with laser dust detection and HEPA filtration.",
      "price": 699.99,
      "image": "https://cdn8.web4s.vn/media/products/566/dyson%20-%20v15%20detect%20-%207.jpg",
      "categoryId": 3,
      "condition": "New",
      "shipping": 0,
      "quantity": 8,
      "seller": "CleanHome",
      "sellerRating": 97,
      "location": "Los Angeles, USA",
      "rating": 4.9,
      "reviews": 150
    },
    {
      "id": "14",
      "name": "Weber Spirit II E-310 Gas Grill",
      "description": "Weber Spirit II E-310 propane gas grill with three burners and advanced heat control.",
      "price": 549.99,
      "image": "https://encrypted-tbn0.gstatic.com/images?q=tbn:ANd9GcTZI0y80KnY_ABjBO6tlaHNYQTNEl_4jKssvw&s",
      "categoryId": 3,
      "condition": "New",
      "shipping": 0,
      "quantity": 5,
      "seller": "BBQMasters",
      "sellerRating": 95,
      "location": "Houston, USA",
      "rating": 4.8,
      "reviews": 85
    },
    {
      "id": "15",
      "name": "Wilson Evolution Indoor Basketball",
      "description": "Wilson Evolution high-performance indoor basketball for professional and recreational use.",
      "price": 74.99,
      "image": "https://m.media-amazon.com/images/I/81EbUXOozPL._AC_SL1500_.jpg",
      "categoryId": 4,
      "condition": "New",
      "shipping": 0,
      "quantity": 25,
      "seller": "ProSports",
      "sellerRating": 98,
      "location": "Chicago, USA",
      "rating": 4.9,
      "reviews": 200
    },
    {
      "id": "16",
      "name": "Trek Domane AL 2 Road Bike",
      "description": "Trek Domane AL 2 lightweight aluminum road bike with Shimano gears and endurance geometry.",
      "price": 1099.99,
      "image": "https://product.hstatic.net/200000887845/product/domaneal224_red_primary_51ec0c4ca80e474bb6f9ba7cf2e68649.jpg",
      "categoryId": 4,
      "condition": "New",
      "shipping": 0,
      "quantity": 3,
      "seller": "CycleWorld",
      "sellerRating": 96,
      "location": "New York, USA",
      "rating": 4.8,
      "reviews": 120
    },
    {
      "id": "fbdf",
      "name": "Bộ đồ chơi xếp hình Lego City Project Mecha",
      "description": "Project Mecha là đồ chơi xếp hình, mô hình dành cho bé từ 6 tuổi trở lên. Sản phẩm được thiết kế các miếng ghép nhỏ bằng nhựa nguyên sinh cao cấp, an toàn, được bo viền nhẵn mịn tạo độ an toàn tối đa cho bé khi chơi. Số chi tiết lớn lên đến 373 chi tiết, bộ đồ chơi xếp hình Lego City sẽ cho bé thỏa sức sáng tạo, lắp ráp, biến đổi thành 12 hình khối vô cùng xinh xắn, khoa học và lạ mắt. Bộ đồ chơi sẽ là món quà vô cùng ý nghĩa dành cho bé vào các dịp lễ, tết, sinh nhật.",
      "price": "22.13",
      "image": "https://mbmart.com.vn/thumbnails/products/large/thumb/grande/100/329/420/products/bo-do-choi-xep-hinh-lego-city-project-mecha-1.jpg.webp",
      "categoryId": "5",
      "condition": "New",
      "shipping": "14.5",
      "quantity": "5",
      "seller": "TechStore",
      "location": "New York, USA",
      "sellerRating": 100,
      "rating": 0,
      "reviews": 0
    }
  ]
}